position [m], beam radius [m]
0, 0.0002
0.1, 0.000262062
0.2, 0.000393326
0.3, 0.000545973
0.4, 0.000706273
0.5, 0.000870005
0.6, 0.00103554
0.7, 0.00120214
0.8, 0.00136941
0.9, 0.00153713
1, 0.00170518
1.1, 0.00187346
1.2, 0.00204191
1.3, 0.0022105
1.4, 0.00237919
1.5, 0.00254798
1.6, 0.00271683
